Genotype,DaysToFlowering,Heterotic Group
764,76,stiff_stalk
790,75,stiff_stalk
792,80,stiff_stalk
793,74,stiff_stalk
911,73,iodent
912,74,iodent
1538,76,iodent
2369,80,stiff_stalk
4226,80,unknown
78010,80,stiff_stalk
29MIBZ2,74,iodent
2FACC,78,stiff_stalk
2FADB,80,stiff_stalk
2MA22,80,non_stiff_stalk
2MCDB,82,non_stiff_stalk
33-16,86,unknown
3IJI1,76,iodent
4F-234 BX 4,86,tropical
4F-306 108,78,unknown
4F-35 BK,87,tropical
4N506,82,stiff_stalk
6F629,80,stiff_stalk
6M502,84,non_stiff_stalk
6M502A,84,non_stiff_stalk
78551S,82,non_stiff_stalk
87916W,84,stiff_stalk
91IFC2,73,iodent
A,84,non_stiff_stalk
A208,75,non_stiff_stalk
A239,80,non_stiff_stalk
A258,78,non_stiff_stalk
A272,80,tropical
A305,73,unknown
A321,82,non_stiff_stalk
A322,71,unknown
A334,74,unknown
A340,74,mixed
A374,76,non_stiff_stalk
A385,71,non_stiff_stalk
A401,80,non_stiff_stalk
A427,76,unknown
A548,74,non_stiff_stalk
A556,74,non_stiff_stalk
A572,71,unknown
A619,86,non_stiff_stalk
A627,80,non_stiff_stalk
A632,80,stiff_stalk
A634,78,stiff_stalk
A635,80,stiff_stalk
A641,71,stiff_stalk
A648,80,non_stiff_stalk
A649,76,non_stiff_stalk
A659,80,non_stiff_stalk
A663,80,unknown
A672,76,stiff_stalk
A674,73,unknown
A679,74,stiff_stalk
A680,78,stiff_stalk
A682,76,non_stiff_stalk
A71,78,unknown
A73,76,non_stiff_stalk
A797NW,82,unknown
AQA3,73,stiff_stalk
AS6103,80,stiff_stalk
AusTRCF 306238,84,non_stiff_stalk
B-18 INBR.FR.SUPERGOLD,78,unknown
B-28,80,popcorn
B103,78,non_stiff_stalk
B104,86,stiff_stalk
B105,85,stiff_stalk
B107,80,mixed
B108,84,unknown
B109,82,stiff_stalk
B110,84,stiff_stalk
B111,82,stiff_stalk
B114,80,mixed
B115,80,unknown
B119,82,stiff_stalk
B120,82,non_stiff_stalk
B121,82,stiff_stalk
B14,84,stiff_stalk
B14A,82,stiff_stalk
B164,82,unknown
B2,86,non_stiff_stalk
B37,82,stiff_stalk
B46,84,unknown
B47,84,stiff_stalk
B57,86,unknown
B65,84,non_stiff_stalk
B66,84,non_stiff_stalk
B68,86,stiff_stalk
B70,82,non_stiff_stalk
B73,80,stiff_stalk
B75,82,unknown
B76,78,stiff_stalk
B77,86,unknown
B79,86,unknown
B84,84,stiff_stalk
B85,76,unknown
B87,76,unknown
B88,82,unknown
B91,78,non_stiff_stalk
B97,84,non_stiff_stalk
B98,84,unknown
BEI 10 = NORTH 10,78,unknown
BO9,78,unknown
C103,80,non_stiff_stalk
C123,78,non_stiff_stalk
CA-4,73,sweet_corn
CG102,82,unknown
CH157,76,mixed
CH701-30,82,unknown
CH711-10,74,unknown
CH753-4,74,stiff_stalk
CH9,77,unknown
CI 40H,78,unknown
CM105,73,stiff_stalk
CO257,82,stiff_stalk
CO258,82,stiff_stalk
CQ702RC,82,non_stiff_stalk
CR 22 INBRED,75,unknown
CR14,76,stiff_stalk
CR1HT,71,non_stiff_stalk
CS405,74,mixed
DE2,84,iodent
DE3,84,non_stiff_stalk
DE4,80,mixed
DE811,86,stiff_stalk
DJ7,79,stiff_stalk
DK3IIH6,78,iodent
DK4676A,76,unknown
DK78002A,76,stiff_stalk
DK78010,80,stiff_stalk
DK78371A,81,non_stiff_stalk
DKFAPW,78,stiff_stalk
DKFBHJ,76,stiff_stalk
DKIB014,80,iodent
DKMBNA,76,non_stiff_stalk
DKPB80,78,stiff_stalk
E8501,84,non_stiff_stalk
EAST 028,75,mixed
Eng-Li Chih,78,unknown
F118,86,stiff_stalk
F2834T,84,tropical
FBLA,75,stiff_stalk
FC46,73,flint
FR19,84,mixed
G80,76,unknown
H105W,82,stiff_stalk
H110,84,unknown
H113,86,mixed
H114,82,stiff_stalk
H121,82,unknown
H122w,86,stiff_stalk
H42,80,unknown
H5,82,non_stiff_stalk
H71,82,non_stiff_stalk
H84,84,stiff_stalk
H91,82,stiff_stalk
H95,82,non_stiff_stalk
H96,86,unknown
H99,76,unknown
HP301,84,popcorn
HUANYAO,82,tropical
HUOBAI,86,tropical
Hy,82,non_stiff_stalk
I29,76,popcorn
Ia 453,73,sweet_corn
IA2132,73,sweet_corn
IBB14,74,iodent
IBB15,74,iodent
IBC2,75,non_stiff_stalk
ICI 193,75,mixed
ICI 441,78,stiff_stalk
ICI 740,80,stiff_stalk
ICI 893,80,stiff_stalk
ICI 986,80,iodent
ICI581,75,non_stiff_stalk
IDS28,84,popcorn
IDS69,86,popcorn
IDS91,84,popcorn
Il778d,82,sweet_corn
INB 101LFY/LFY (A632 X M16 S5),82,unknown
INBRED 109,86,tropical
INBRED 141,84,unknown
INBRED 2-687,78,tropical
INBRED 305,84,unknown
INBRED 309,82,unknown
INBRED 321,82,tropical
J47,86,unknown
J8606,82,mixed
K150,82,unknown
K41,84,unknown
K47,86,popcorn
K55,86,unknown
KUNG-70,82,unknown
L 127,74,iodent
L 135,73,iodent
L 139,75,non_stiff_stalk
L 155,76,iodent
L 289,82,unknown
LH1,82,stiff_stalk
LH119,77,stiff_stalk
LH127,80,non_stiff_stalk
LH128,82,non_stiff_stalk
LH132,78,stiff_stalk
LH143 (Maintainer),78,stiff_stalk
LH145,76,stiff_stalk
LH146Ht,73,stiff_stalk
LH149,74,stiff_stalk
LH165,78,non_stiff_stalk
LH166,74,non_stiff_stalk
LH172,74,mixed
LH181,82,non_stiff_stalk
LH184,76,mixed
LH185,80,non_stiff_stalk
LH190,82,stiff_stalk
LH191,84,mixed
LH192,84,stiff_stalk
LH193,82,stiff_stalk
LH194,84,stiff_stalk
LH195,82,stiff_stalk
LH197,80,stiff_stalk
LH198,78,stiff_stalk
LH199,80,stiff_stalk
LH202,75,stiff_stalk
LH204,80,stiff_stalk
LH205,84,stiff_stalk
LH206,76,stiff_stalk
LH208,82,stiff_stalk
LH209,78,stiff_stalk
LH211,86,non_stiff_stalk
LH213,82,non_stiff_stalk
LH214,82,non_stiff_stalk
LH215,82,non_stiff_stalk
LH216,84,non_stiff_stalk
LH222,74,stiff_stalk
LH223,76,stiff_stalk
LH224,82,stiff_stalk
LH227,80,stiff_stalk
LH295,75,non_stiff_stalk
LH38,76,non_stiff_stalk
LH54,76,non_stiff_stalk
LH57,78,non_stiff_stalk
LH59,82,non_stiff_stalk
LH60,82,non_stiff_stalk
LH61,75,non_stiff_stalk
LH65,86,non_stiff_stalk
LH74,80,stiff_stalk
LH82,76,unknown
LH93,80,unknown
LIBC 4,75,iodent
LP1 NR HT,80,stiff_stalk
Lp215D,74,non_stiff_stalk
LP5,75,stiff_stalk
M14,86,unknown
MBPM,84,mixed
MBST,82,non_stiff_stalk
MBWZ,82,iodent
MEF156-55-2,76,mixed
ML606,76,non_stiff_stalk
MM501D,82,non_stiff_stalk
Mo17,80,non_stiff_stalk
Mo1W,84,non_stiff_stalk
Mo46,82,unknown
Mo47,80,unknown
Mo5,86,mixed
MQ305,76,iodent
MS116,71,unknown
MS132,80,mixed
MS1334,78,mixed
MS153,76,mixed
MS200,76,unknown
MS211,80,non_stiff_stalk
MS221,82,stiff_stalk
MS224,76,unknown
MS225,75,unknown
MS226,80,unknown
MS24A,84,unknown
MS67,82,mixed
MS71,78,non_stiff_stalk
MS72,74,unknown
N192,76,stiff_stalk
N193,78,non_stiff_stalk
N197,75,non_stiff_stalk
N200,86,non_stiff_stalk
N201,80,stiff_stalk
N209,86,stiff_stalk
N211,82,mixed
N215,82,mixed
N217,84,stiff_stalk
N218,84,stiff_stalk
N28,84,stiff_stalk
N28Ht,82,stiff_stalk
N501,82,stiff_stalk
N523,82,stiff_stalk
N527,82,stiff_stalk
N534,82,mixed
N542,82,stiff_stalk
N6,80,non_stiff_stalk
N7A,84,stiff_stalk
NC250,86,stiff_stalk
NC262,78,popcorn
NC290A,86,popcorn
NC294,84,stiff_stalk
NC310,80,stiff_stalk
NC326,84,stiff_stalk
NC328,82,stiff_stalk
NC342,84,non_stiff_stalk
NC368,86,stiff_stalk
NC412,86,tropical
ND247,74,non_stiff_stalk
ND259,80,mixed
ND265,71,non_stiff_stalk
NK740,82,non_stiff_stalk
NK778,74,non_stiff_stalk
NK807,74,stiff_stalk
NKS8326,82,non_stiff_stalk
NORTH 7,73,unknown
NQ508,78,iodent
NS501,76,mixed
NS701,80,stiff_stalk
NY 159 (Neveh Yaar),78,unknown
NY 166 (Neveh Yaar),82,unknown
NY6371,84,tropical
Ny821,78,unknown
OC19,82,unknown
OH33,80,unknown
Oh40B,76,non_stiff_stalk
Oh43,73,non_stiff_stalk
Oh7,82,non_stiff_stalk
OQ403,71,iodent
OQ603,76,iodent
Os420,80,non_stiff_stalk
Os426,84,mixed
OS602,75,iodent
Pa392,80,unknown
Pa405,78,mixed
Pa762,84,non_stiff_stalk
Pa778,82,non_stiff_stalk
Pa875,80,unknown
Pa880,84,unknown
Pa91,86,non_stiff_stalk
PH207,76,iodent
PHB09,80,stiff_stalk
PHB47,78,stiff_stalk
PHBA6,78,non_stiff_stalk
PHBB3,82,stiff_stalk
PHBW8,76,stiff_stalk
PHEG9,86,stiff_stalk
PHG29,76,iodent
PHG35,86,mixed
PHG47,73,non_stiff_stalk
PHG50,76,iodent
PHG71,74,stiff_stalk
PHG72,75,iodent
PHG80,80,stiff_stalk
PHG83,80,iodent
PHG86,80,stiff_stalk
PHGW7,73,iodent
PHH93,75,iodent
PHHH9,80,mixed
PHHV4,78,unknown
PHJ33,84,iodent
PHJ70,82,mixed
PHJ89,75,non_stiff_stalk
PHJ90,78,iodent
PHJR5,75,stiff_stalk
PHK29,84,stiff_stalk
PHK35,80,stiff_stalk
PHK42,76,iodent
PHK56,82,non_stiff_stalk
PHK74,73,iodent
PHK76,80,non_stiff_stalk
PHK93,82,non_stiff_stalk
PHKE6,75,iodent
PHM10,80,iodent
PHN11,73,iodent
PHN29,80,mixed
PHN34,86,non_stiff_stalk
PHN46,82,non_stiff_stalk
PHN66,78,stiff_stalk
PHN82,78,iodent
PHP02,75,iodent
PHP55,75,iodent
PHP76,75,iodent
PHP85,84,stiff_stalk
PHPR5,82,stiff_stalk
PHR03,84,mixed
PHR30,75,unknown
PHR31,82,iodent
PHR36,80,iodent
PHR47,80,mixed
PHR55,82,non_stiff_stalk
PHR58,84,non_stiff_stalk
PHR62,84,iodent
PHR63,78,iodent
PHT10,82,stiff_stalk
PHT22,82,iodent
PHT47,82,stiff_stalk
PHT55,82,stiff_stalk
PHT69,75,stiff_stalk
PHTM9,73,non_stiff_stalk
PHV37,73,stiff_stalk
PHV57,75,iodent
PHV63,86,stiff_stalk
PHV78,86,mixed
PHVA9,73,stiff_stalk
PHVJ4,71,iodent
PHW03,75,mixed
PHW17,78,stiff_stalk
PHW20,73,mixed
PHW30,78,mixed
PHW43,82,non_stiff_stalk
PHW52,80,stiff_stalk
PHW53,84,iodent
PHW65,84,non_stiff_stalk
PHW79,82,mixed
PHW80,78,non_stiff_stalk
PHW86,73,iodent
PHWG5,82,non_stiff_stalk
PHZ51,82,non_stiff_stalk
Q381,76,non_stiff_stalk
R113,80,mixed
R168,80,non_stiff_stalk
R177,87,unknown
R181B,80,mixed
R226,84,mixed
R227,84,stiff_stalk
R229,84,stiff_stalk
R71,84,non_stiff_stalk
R78,82,unknown
S8326,80,non_stiff_stalk
SD101,78,stiff_stalk
SD102,76,iodent
SD107,80,stiff_stalk
SD40,80,mixed
SD44,78,mixed
Seagull Seventeen,80,non_stiff_stalk
SG 30A,80,popcorn
T242,71,sweet_corn
Tr,82,stiff_stalk
TZU-CHIAO-HSI-WU 105,80,unknown
Va102,84,non_stiff_stalk
Va17,86,non_stiff_stalk
Va22,84,non_stiff_stalk
Va26,82,non_stiff_stalk
Va35,84,non_stiff_stalk
Va52,80,mixed
Va59,84,non_stiff_stalk
Va99,80,non_stiff_stalk
VaW6,84,unknown
W117Ht,73,non_stiff_stalk
W153R,74,non_stiff_stalk
W182E,73,non_stiff_stalk
W22,82,non_stiff_stalk
W23,82,non_stiff_stalk
W24,82,unknown
W32,84,non_stiff_stalk
W37A,80,non_stiff_stalk
W552,74,mixed
W602S,78,mixed
W603S,76,non_stiff_stalk
W604S,78,non_stiff_stalk
W605S,78,non_stiff_stalk
W606S,82,non_stiff_stalk
W607S,80,non_stiff_stalk
W610S,84,mixed
W611S,80,non_stiff_stalk
W612S,78,non_stiff_stalk
W613S,75,non_stiff_stalk
W614S,77,non_stiff_stalk
W64A,74,non_stiff_stalk
W701BC,71,non_stiff_stalk
W803G,84,mixed
W809G,84,stiff_stalk
W810G,82,non_stiff_stalk
W811G,80,stiff_stalk
W812G,82,stiff_stalk
W813G,82,stiff_stalk
W814G,81,mixed
W815G,84,mixed
W817G,84,non_stiff_stalk
W819G,84,stiff_stalk
W820G,84,stiff_stalk
W821G,80,non_stiff_stalk
W8304,78,stiff_stalk
W9,71,non_stiff_stalk
Wf9,82,non_stiff_stalk
WIL900,86,non_stiff_stalk
WIL901,85,non_stiff_stalk
WIL903,82,non_stiff_stalk
WR3,76,mixed
WU-TAN-TZAO,82,unknown
WXB6,84,unknown
YE 4,84,tropical
YING-55,82,unknown
YONG 28,80,unknown
Yu796 NS,84,unknown
ZS365,80,stiff_stalk
ZS635,75,stiff_stalk